"text","tipo","sensibile"
"When I remember her I feel down",1,0
"When I carry heavy things I feel like breaking my back",1,0
"there is too much pain when i move my arm",1,0
"My son had his lip pierced and it is swollen and the skin inside on his lip is grey and looks infected",1,0
"My muscles in my lower back are aching",1,0
"i have muscle pain that my backnI Have Muscle Pain at my back leg",1,0
"I have muscle pain in my left leg",1,0
"I have cut my finger because of playing football and I have to apply pain relief cream but it does not help",1,0
"I have acne in my face and other problems in my derma like itching",1,1
"I have a strange rash on my arm",1,0
"I have a sharp pain in my lower stomach",1,0
"i have a knee pain when i walk a lot",1,0
"dr I feel a strange and powerful pain inside my rib cage",1,0
"Dont cry",1,0
"I have for dia",1,0
"I used to be out of breath after going up a dozen of stairs but now I struggle to breath even when I sit down",1,0
"i feel that its hard to breath for me specially after running or making any effort",1,0
"I read a book for along time and when I finished reading I feel head ache",1,1
"i cant sleep because of cold",1,0
"My infected wound cause fever",1,1
"I lose a lot of my hair",1,0
"i feel dizzy after severe diarrhea",1,1
"I feel a pain in my back",1,0
"Laceration rupture or opening in the skin",1,1
"My back hurts me and i cant bend it or walk",1,0
"My head hurts whenever I try to do something",1,0
"I have dark spots on my skin",1,0
"I feel a sharp pain in my stomach",1,0
"I cant do anything I feel a weak in my body",1,0
"I have cloudy eyes",1,0
"I have a back pain since I turned 70 years old",1,0
"I tried to put my glasses to see more clear but cant find any change",1,0
"I feel deep Tingling when I touch Acne followed by bad sensation",1,1
"My acne gets worse when it is hot",1,1
"Sometimes I feel like a claw on my chest that leaves me breathless",1,0
"my abdominal muscles have great pain since i was at GYM",1,1
"My back got injured while i was lifting at the gym",1,1
"my ankle is hurting me",1,0
"I think my wound is infected",1,0
"i feel pain in my knee",1,0
"My skin is very dry and peeling",1,0
"i cant move my shoulder because of pain",1,0
"when i wake up in the morning i feel dizzy",1,0
"My hair is falling out in huge amount",1,0
"I have a sharp pain in my neck",1,0
"There is pain in the muscles I do not know caused",1,0
"I have a problem in the expiration because i have abronchial asthma",1,1
"Every time I make an effort I felt dizzy",1,0
"I have a powerful pain inside my neck",1,0
"I have a pain internal",1,0
"chronic disease of hair follicles and sebaceous glands",1,1
"I feel a huge emotional pain after I broke up with my girlfriend",1,0
"When I stand up too quickly I start to feel dizzy and lightheaded",1,0
"I often get a sharp pain in my chest and I cant tell what Im doing that might be triggering it",1,0
"I have a feeling like my whole body is complaining",1,0
"My knee hurts when I play squash",1,1
"i cant see well",1,0
"I tried alot of cream but i still feel the same skin problem",1,0
"It feels like someone stuck a knife into my shoulder",1,0
"I feel a burning sensation in my shoulder muscle",1,0
"I cut my foot at the pool and it breaks open every day when I walk on it",1,1
"My knee catches and hurts when I first stand up after sitting",1,0
"I cut my hand a couple of weeks ago and even though I keep using an antibiotic cream its not getting better",1,0
"I feel pain in my shoulders when I write on the keyboard",1,0
"i have a problem in seeing objects it is too difficult to see",1,0
"glass broken and wound my leg badly the wound is so wide",1,0
"I have a blurry vision during my swimming training in the pool why",1,1
"I love to walk and be outside but the bottoms of my feet get sore so quickly",1,0
"I feel pain in my knee when I climb the stairs",1,0
"I get tired too fast I can barely put on my clothes in the morning",1,0
"My knee hurts when I walk",1,0
"i cant rotate my neck",1,0
"My son nicked his neck with an old razor and that spot has become inflamed and looks like it is infected",1,0
"i have a problem in my back i cannot extend it",1,0
"I cant walk because i have a great foot ache",1,0
"My heart is beating fast and it scares me",1,0
"I used to have acne when I was 15 years old",1,1
"My muscles in my lower back are aching",1,0
"My shoulder muscle hurts when I try to reach up",1,0
"I feel heart pain when I walk a lot",1,0
"My hair is falling out in huge amount",1,0
"I feel a pain in my back",1,0
"My skin is itchy and inflamed",1,0
"i cant see well",1,0
"I have a cold and it makes me cough alot",1,0
"I have a dry throat",1,0
"Im not hearing well I have problem with my ear",1,0
"My foot is hurting so much",1,0
"My shower drain is full of hair every time",1,0
"I have front head pain and when I get it the light bothers me",1,0
"Even though Im an adult my face keeps breaking out in pimples",1,0
"When I get out of bed in the morning my body feels very weak",1,0
"My knee catches and hurts when I first stand up after sitting",1,0
"surgical wounds red firing pus painful and hot to the touch",1,1
"Feel like something is being jabbed into my joints",1,0
"The arches of my feet hurt when I wear heels",1,0
"I feel pain in the lower back",1,0
"I have a dull ache in my head",1,0
"The arches of my feet hurt when I wear heels",1,0
"I feel a pain in my neck",1,0
"A 23yearold white female presents with complaint of allergies",1,0
"Consult for laparoscopic gastric bypass",1,1
"Consult for laparoscopic gastric bypass",1,1
"2D MMode Doppler",1,0
"2D Echocardiogram",1,0
"Morbid obesity  Laparoscopic antecolic antegastric RouxenY gastric bypass with EEA anastomosis  This is a 30yearold female who has been overweight for many years  She has tried many different diets but is unsuccessful",1,1
"Liposuction of the supraumbilical abdomen revision of right breast reconstruction excision of soft tissue fullness of the lateral abdomen and flankn",1,1
"2D Echocardiogram",1,0
"Suctionassisted lipectomy  lipodystrophy of the abdomen and thighs",1,1
"Echocardiogram and Doppler",1,0
"Morbid obesity  Laparoscopic RouxenY gastric bypass antecolic antegastric with 25mm EEA anastamosis esophagogastroduodenoscopy",1,1
"Normal left ventricle moderate biatrial enlargement and mild tricuspid regurgitation but only mild increase in right heart pressures",1,1
"Cerebral Angiogram  moyamoya disease",1,1
"Patient presented to the bariatric surgery service for consideration of laparoscopic roux en Y gastric bypass surgery",1,1
"Surgical removal of completely bony impacted teeth 1 16 17 and 32  Completely bony impacted teeth 1 16 17 and 32",1,1
"Preoperative visit for weight management with laparoscopic gastric banding",1,1
"Neck exploration tracheostomy urgent flexible bronchoscopy via tracheostomy site removal of foreign body tracheal metallic stent material dilation distal trachea placement of 8 Shiley single cannula tracheostomy tube",1,1
"Patient status post lap band placement",1,0
"Fertile male with completed family  Elective male sterilization via bilateral vasectomy",1,1
"The patient is a 17yearold female who presents to the emergency room with foreign body and airway compromise and was taken to the operating room  She was intubated and fishbone",1,1
"Whole body radionuclide bone scan due to prostate cancer",1,1
"Patient discharged after laparoscopic RouxenY gastric bypass",1,1
"Normal vasectomy",1,0
"Voluntary sterility  Bilateral vasectomy  The vas deferens was grasped with a vas clamp  Next the vas deferens was skeletonized  It was clipped proximally and distally twice",1,1
"Blood in urine  Transitional cell cancer of the bladder",1,1
"Normal vasectomy",1,0
"Hispanic male patient was admitted because of enlarged prostate and symptoms of bladder neck obstruction",1,1
"Umbilical hernia repair template  The umbilical hernia carefully reduced back into the cavity and the fascia was closed with interrupted vertical mattress sutures to approximate the fascia",1,1
"Vasectomy 10 years ago failed  Azoospermic  Reversal two years ago  Interested in sperm harvesting and cryopreservation",1,1
"Desire for sterility  Vasectomy  The vas was identified skin was incised and no scalpel instruments were used to dissect out the vas",1,1
"The patient noted for improving retention of urine postop vaginal reconstruction very concerned of possible vaginal prolapse",1,1
"This is a 66yearold male with signs and symptoms of benign prostatic hypertrophy who has had recurrent urinary retention since his kidney transplant  He passed his fill and pull study and was thought to selfcatheterize in the event that he does incur urinary retention again",1,1
"Right distal ureteral calculus  The patient had hematuria and a CT urogram showing a 1 cm nonobstructing calcification in the right distal ureter  He had a KUB also showing a teardrop shaped calcification apparently in the right lower ureter",1,1
"Umbilical hernia repair A standard curvilinear umbilical incision was made and dissection was carried down to the hernia sac using a combination of Metzenbaum scissors and Bovie electrocautery",1,1
"Persistent frequency and urgency in a patient with a history of neurogenic bladder and history of stroke",1,1
"Ultrasound examination of the scrotum due to scrotal pain  Duplex and color flow imaging as well as real time grayscale imaging of the scrotum and testicles was performed",1,1
"Transurethral resection of a medium bladder tumor TURBT left lateral wall",1,1
"Transurethral electrosurgical resection of the prostate for benign prostatic hyperplasia",1,1
"Transurethral resection of the bladder tumor TURBT large",1,1
"The patient has a possibly torsion detorsion versus other acute testicular problem",1,1
"Cystoscopy transurethral resection of medium bladder tumor 40 cm in diameter and direct bladder biopsy",1,1
"Left spermatocelectomyepididymectomy and bilateral partial vasectomy  Left spermatocele and family planning",1,1
"Left testicular swelling for one day  Testicular Ultrasound  Hypervascularity of the left epididymis compatible with left epididymitis  Bilateral hydroceles",1,1
"Salvage cystectomy very difficult due to postradical prostatectomy and postradiation therapy to the pelvis Indiana pouch continent cutaneous diversion and omental pedicle flap to the pelvis",1,1
"Spermatocelectomy and orchidopexy",1,0
"SPARC suburethral sling due to stress urinary incontinence",1,1
"Left scrotal exploration with detorsion  Already detorsed bilateral testes fixation and bilateral appendix testes cautery",1,1
"Cystoscopy under anesthesia retrograde and antegrade pyeloureteroscopy left ureteropelvic junction obstruction difficult and open renal biopsy",1,1
"Radical retropubic prostatectomy robotic assisted and bladder suspension  Adenocarcinoma of the prostate",1,1
"A 16monthold with history of penile swelling for 4 days had circumcision 1 week ago",1,1
"Radical retropubic prostatectomy with pelvic lymph node dissection due to prostate cancer",1,1
"Radical retropubic nervesparing prostatectomy without lymph node dissection",1,1
"A 65yearold man with chronic prostatitis returns for recheck",1,1
"Adenocarcinoma of the prostate Erectile dysfunction  History  Physical",1,1
"Prostate Brachytherapy  Prostate I125 Implantation",1,0
"Right ureteropelvic junction obstruction  Roboticassisted pyeloplasty anterograde right ureteral stent placement transposition of anterior crossing vessels on the right and nephrolithotomy",1,1
"Cystourethroscopy right retrograde pyelogram and right doubleJ stent placement 22 x 45 mm  Right ureteropelvic junction calculus",1,1
"Open radical retropubic prostatectomy with bilateral lymph node dissection",1,1
"The patient returns for followup evaluation 21 months after undergoing prostate fossa irradiation for recurrent Gleason 8 adenocarcinoma    Concerning slow ongoing rise in PSA",1,1
"Prostate gland showing moderately differentiated infiltrating adenocarcinoma  Excised prostate including capsule pelvic lymph nodes seminal vesicles and small portion of bladder neck",1,1
"Moderately differentiated adenocarcinoma 1 enlarged prostate with normal seminal vesicles",1,1
"Patient presents to the Emergency Department with complaint of a bleeding bump on his penis",1,0
"Explantation of inflatable penile prosthesis and then placement of second inflatable penile prosthesis AMS700  Nonfunctioning inflatable penile prosthesis and Peyronies disease",1,1
"Excision of penile skin bridges about 2 cm in size",1,1
"Adenocarcinoma of the prostate  The patient underwent a transrectal ultrasound and biopsy and was found to have a Gleason 34 for a score of 7 20 of the tissue removed from the left base",1,1
"Complete urinary obstruction underwent a transurethral resection of the prostate  adenocarcinoma of the prostate",1,1
"Moderate to poorly differentiated adenocarcinoma in the right lobe and poorly differentiated tubular adenocarcinoma in the left lobe of prostate",1,1
"Penile discharge infectedlooking glans  A 67yearold male with multiple comorbidities with penile discharge and paleappearing glans It seems that the patient has had multiple catheterizations recently and has history of peripheral vascular disease",1,1
"Penile injury and continuous bleeding from a penile laceration",1,1
"The patient is a 16monthold boy who had a circumcision performed approximately 4 days before he developed penile swelling and fever and discharge",1,1
"He continues to have abdominal pain and he had a diuretic renal scan which indicates no evidence of obstruction and good differential function bilaterally",1,1
"Prostate adenocarcinoma and erectile dysfunction  Pathology report",1,1
"Right undescended testicle  Orchiopexy  Herniorrhaphy",1,1
"Overactive bladder with microscopic hematuria",1,1
"Reduction of paraphimosis",1,1
"Left inguinal hernia repair left orchiopexy with 025 Marcaine ilioinguinal nerve block and wound block at 05 Marcaine plain",1,1
"Right orchiopexy and right inguinal hernia repair",1,1
"Bilateral orchiopexy  This 8yearold boy has been found to have a left inguinally situated undescended testes  Ultrasound showed metastasis to be high in the left inguinal canal  The right testis is located in the right inguinal canal on ultrasound and apparently ultrasound could not be displaced into the right hemiscrotum",1,1
"Examination under anesthesia diagnostic laparoscopy right orchiectomy and left testis fixation",1,1
"Orchiopexy  inguinal herniorrhaphy",1,1
"Bilateral scrotal orchiectomy",1,1
"A 6mm left intrarenal stone nonobstructing by ultrasound and IVP",1,1
"Stage I and II neuromodulator",1,0
"Minilaparotomy radical retropubic prostatectomy with bilateral pelvic lymph node dissection with Cavermap  Adenocarcinoma of the prostate",1,1
"An exampletemplate for meatotomy",1,0
"Neurogenic bladder in a patient catheterizing himself 3 times a day changing his catheter 3 times a week",1,1
"Left orchiectomy scrotal exploration right orchidopexy",1,1
"Left orchiopexy  Ectopic left testis   The patient did have an MRI which confirmed ectopic testis located near the pubic tubercle",1,1
"Examination under anesthesia and laparoscopic right orchiopexy",1,1
"An exampletemplate for meatoplasty",1,0
"Laparoscopic lysis of adhesions attempted laparoscopic pyeloplasty and open laparoscopic pyeloplasty  Right ureteropelvic junction obstruction severe intraabdominal adhesions and retroperitoneal fibrosis",1,1
"Bassini inguinal herniorrhaphy  A standard inguinal incision was made and dissection was carried down to the external oblique aponeurosis using a combination of Metzenbaum scissors and Bovie electrocautery",1,1
"Laparoscopic right inguinal herniorrhaphy with mesh as well as a circumcision   Recurrent right inguinal hernia as well as phimosis",1,1
"Left inguinal herniorrhaphy modified Bassini  Left inguinal hernia direct",1,1
"Cystopyelogram and laser vaporization of the prostate",1,0
"Direct inguinal hernia  Rutkow direct inguinal herniorrhaphy  A standard inguinal incision was made and dissection was carried down to the external oblique aponeurosis using a combination of Metzenbaum scissors and Bovie electrocautery",1,1
"Inguinal herniorrhaphy  A standard inguinal incision was made and dissection was carried down to the external oblique aponeurosis using a combination of Metzenbaum scissors and Bovie electrocautery",1,1
"Inguinal orchiopexy procedure",1,0
"Bilateral inguinal hernia  Bilateral direct inguinal hernia repair utilizing PHS system and placement of OnQ pain pump",1,1
"Direct right inguinal hernia  Marlex repair of right inguinal hernia",1,1
