text,tipo,sensibile
"Hey, I don’t know who needs to hear this but making a globally dangerous virus into an anime girl and giving her a traditional Chinese outfit is completely racist and also inconsiderate! Keep Corona-Chan off my fucking timeline, it’s horrible and I will b",5,0
#classicmoviequotes hate you black bastards you stink! i hate ya black skin.. i hate ur black pants..i hate black pepper!,5,1
them negroes was cutting me off i hate it 😂😭😂😂,5,1
As an African American woman vs you likely a white man in america you have absolutely ZERO right to tell me what I should and should not be offended by no matter how many years has past since then Are you sitting here trying to tell my that slavery is no ,5,0
i hate that ceyan is so asian,5,1
Your word play is elementary. Lol hillbilly,5,1
They are paid Indian parasites trolls hired by Indian Hindu nationalist groups to spread lies and hatred against China so that their gullible citizen won t question the incompetent government of India indianparasite,5,1
"The arrogance of Indian Hindu liberal twats, because they are of of course just as fucking stupid as their asshole, right wing brethren,
to claim India will be Hindu Saudi Arabia.
NO, it will be a gajab shittier, third world, broke-ass version of Saudi Ar",5,1
Honest to God fuck british people you talk shit on their wack ass food and their only counter is making fun of cheese whiz but like who gives a fuck that's cheese to put on crackers not a fucking dish fucking nasty rat people with beans on toast,5,1
"I can’t help but feel like ADOS wouldn’t be a thing if y’all Africans in America weren’t so snobby.
Did them booty scratcher jokes hit you so bad that you’re acting like a bastard in adulthood? 😭",5,1
Take your fuckin hick freak cult back into the back water hollar fuckin mutant hills have eyes mongoloids,5,1
Typical white boy dickhead humor Shoulda never got this far,5,1
Don't be fucking racist to Asian people because you think they have coronavirus!! It's that simple!!!!,5,0
I’m tired of you blackface bet comic view type comedian negroes whether on here or in real life...that shit isn’t funny all the time weirdo,5,1
i’m usually the last person on earth to defend desi men but if a guy is being scum why highlight his ethnicity when you wouldn’t if he was white,5,0
to hell w/tis bullshit this is why i hate black people i'm getting dressed for work *mumbles* 8-],5,1
Yeah but calling it the Chinese virus or the Wuhan flu makes it seem like it’s the Chinese citizens fault It isn’t It’s the dumb bitch they’ve got in charge Winnie the Pooh looking bitch You know who I’m talking about,5,0
mago jinete brother Stop eating vermin and exotic animals you damned slant eyed COVID 19 spreader Mind YOUR damned business Ladyboy Ling Ling 🐀🥡🥢,5,1
The idea that the virus gives a shit about borders is even more so The idea that Chinese people products or food are riskier is dangerous and false propoganda It denies the realities of this virus and puts Asian Americans at risk and you engaging in it ma,5,0
I have zero sympathy for negroes that co-opt their own downfall. Zero.,5,1
Wtf does he she hate N1 k1 just because he s japanese Tf is wrong with them 🤢,5,1
My mom calls uncle Ike’s “that white boy who sells dope” 😂😂,5,1
so how many people hate black people now ? lmfao.,5,1
Yeah you a white boy b**** punk pig ain't your b**** what you doing pig I ain't here to teach you how to do your f****** job pig you f****** punk ass pig,5,1
Niggas so ignorant they’ll kill you over last place.,5,1
One country fucked up the world. Thanks to #ChineseVirus 🇨🇳,5,1
I said of course all lives matter previously The point is white people haven’t been oppressed and discriminated against for hundreds of years You must know this The context is Black Lives Matter as well so stop the discrimination,5,0
Here’s this retard cleaning his shoes with face masks just produced. The West needs to get its act together and get manufacturing back!  #WuhanVirus #WuhanCoronaVirus  #ChinaVirus,5,1
AL is complete trash as a coach and colour has zero to do with his OC being good or bad I bet you call white people racist yet what they hell is that comment Ignorant people sheesh,5,0
"can every other white person collectively agree not to shout ""you should cosplay garnet from steven universe"" at every single black woman with an afro bc every person ive known who has lived that experience. does not enjoy it. and in fact found it really ",5,0
"reading about innocent black people getting murdered is heartbreaking, but imagine the pain their families must go through.
don’t be ignorant. this could be you and your family. this could be your friends.
don’t look away!!",5,0
Canada Fuck off and get the fuck out of Canada and the US we’ve been infected enough by your CCP China virus and other BS ChineseWuhanVirus ChinaLiedPeopleDied,5,1
Traffic Donkey work by Africans,5,1
niggas be a DEADBEAT &amp; GAY ! 😂 wild ass 2 for 1 combo 😂😂🏌🏽‍♀️,5,1
WHAT THE FUCK DOPE JAPANESE VER HITS DIFF I8EGDHJSBAUIEJWS,5,1
i hate the world we fucking live in WHY does an innocent person have to keep fucking dying. why?they SAY. it’s the the land of the free. but black people arent free any PERSON OF COLOR ARENT FUCKING FREE.they are dying every fucking day. so many people ar,5,0
It is people like you in the media that caused the people of the western countries to be ignorant They are blinded by thier own media You can hate and dislike China but at least stay with the facts,5,0
Said the same thing but niggas ran the white boy instead lmaooo we tanking  ,5,0
"I didn’t expect much from a system that is designed to fail black people. I didn’t expect much from a system where a sicko can touch kids and only gets a couple years (if that), probation and put on a list.",5,0
"If someone says, ""I hate black people"", it's ok to call them racist.
If someone says, ""I hate Lebron, he is a dickhead"", that does NOT mean that person is racist.
How hard is that to understand?",5,0
Y’all Niggas About To Be On Super Dickhead Missions On The 21st!,5,1
flrs Cracker is now a name that black people use to discriminate against white people Dose it matter who invented a word Like come on 😂 it matters how its used now And black people use in the same way white people use the N word But you ll don t want to ,5,0
people literally think anti black is a word they can throw around god i hate it here,5,0
Fuck you China and your Chinese virus 😡 Rest in peace Pickup man 🙏🙏,5,1
And the fact that he’s not even a Korean like bruh can you change your name IT’S SO ANNOYING 💀,5,0
"I hate niggas that sit up and tweet allDay like a lil bitch , boy stfu 😂",5,1
"Readers in at least five countries saw (false) claims the Chinese government requested authorization to kill 20,000 people infected with coronavirus  , ",5,0
Typical ultra far right hate for America s first African American two term president Simply Racism nothing more nothing less And sick to the gills over History making Vice president elect Kamala Harris,5,1
"This #HumanRightsDay we continue to remember the ongoing plight of our brothers and sisters around the globe because of anti-blackness. We continue to push forward for a world where Black people can live free from discrimination and injustice.
#blackfutur",5,0
No your evil killer of communist China is to blame dickhead Your government is the worst for human atrocities Your government killed your own people Your government created the Chinese virus,5,1
It is deemed ignorant and racist to talk of White Africans as Europeans Secondly the indigenous people of South Africa are the Khoisan If you are of another heritage find out where you came from and do what you telling others to do,5,0
ANTHONY Boy white ppl just seem to wake up angry yal wanna be at war SO bad 🥴,5,1
"STOP FUCKING USING  BLACK PEOPLE FOR YOUR SHITTY EDGY JOKES U SICK RAT! BLACK PEOPLE ARE DYING EVERY FUCKING DAY AND YOU THOUGHT IT WAS FUNNY TO JOKE ABOUT IT AND COMPARE HIM TO YOUR WHITE FAV. GROW UP U SICK PIECE OF SHIT! , ",5,0
"f*ck u, u freak black people",5,1
Need a real freak nigga for the homie OG.,5,1
45 continuously calls this the “Chinese Virus.” It’s leading to Asian Americans all over the US to be targeted. Racism is at it’s peak because of this POS. Meanwhile the #MAGA crowd has no idea where their stupid red hats are made.  Look at the tag. The i,5,0
Philip As you mentioned it started to kill people and noticed by Chinese doctors and governors in China but as the birthplace of virus is not confirmed in China Blame can only kill economy can’t kill virus What we may get clearly is that virus can host in,5,0
T swift bouta come out and say that being against the coronavirus is racist against the Chinese so some shit,5,0
people literally think anti black is a word they can throw around god i hate it here,5,0
italian dudes be mad annoying lmfaooo. mad money in the club just hella annoying,5,1
45 continuously calls this the “Chinese Virus.” It’s leading to Asian Americans all over the US to be targeted. Racism is at it’s peak because of this POS. Meanwhile the #MAGA crowd has no idea where their stupid red hats are made.  Look at the tag. The i,5,0
Planner Bro every hispanic person I know says the n word bro😭😭 I’m pretty sure majority of people don’t care as long as he’s not white but tbh I’ve seen white people with a bigger problem about it than black people it’s understandable but at the same ti,5,0
"i don't want my son to turn out like me but the opposite of me is an afro punk nigga , ",5,1
The rest of North Africa is Russian and khalijy is less annoying American accent,5,1
For anyone who’s wondering since I seem to be the only one on Twitter who’s constantly asked if I’m black...yes I am BLACK. My dad is AFRO-LATINO AND MY MOM IS A DARKSIN AFRICAN-AMERICAN WOMAN. STOP ASSUMING IM NOT BLACK ITS SO ANNOYING AND THEN SOME OF Y,5,0
niggas that “preach”for females be the same niggas doing the shit we dislike 😂,5,1
Amazing So much love To a Hindu girl And you really hate Hindus But you all love Hindu girls What irony,5,0
😳😄 I m not a massive fan of brewdog but there are about 4 or 5 that are crackers and this sneaky bastard is one🙂,5,1
"There’s no going back to normal in America. We will be fighting this ignorant, pig shit, white trash hate movement the rest of our lives. The sooner they’re all in prison, the better.",5,1
cogley Yea he actually thought we could stand up to china and globalists What a tool,5,0
I. HATE. CHINA. SUBJECT.,5,1
50 million This white boy movin dope along wit his weak ass YouTube channel,5,1
"That nigga Timbaland said ""Ritz is the crackers that I eat."" on a dope ass beat. Smh",5,1
I read that twice fixed the grammar in my head then totally dismissed this amount of nonsensical tripe If you see African American athletes use their platform to shine a light on systemic discrimination and it offends you that s on you They were black bef,5,0
"i really do hope an Asian person whoops yall asses for these corona virus jokes , ",5,0
Luigi The fact that u said both Japanese and Chinese look the same is ignorant and is enough for me to assume u know nothing about both languages so what makes u think I assumed u knew Also if u don t know then don t make claims that make u look dumb,5,0
and another thing- if you think making fun of black people/poc who have been murdered by police is “dark humor” pls re evaluate yourself because that’s disgusting and you’re just an asshole,5,0
"Just like the “you talk like a white boy” and it’s like “mmm nah, my parents just taught me the English language the correct way” lol fuckin dweeb.",5,1
I’m in a really weird spot I’m Chinese American I’m literally the two things they hate the most Luckily I’m used to discrimination so there’s that,5,0
I hate a nigga that be tryna fuck up they ex or female they used ta fw relationship like bx gtfo witcho life stupid ass bx😑.,5,1
I’m weary of stories how people managed to be targeted by one race of kids but accepted by another Yeah there were black kids that thought I was awkward trash but too many white kids also thought this to start thinking them as some kind of refuge I was un,5,0
Fucking chinese bot They eat shit LMAO,5,1
i feel like the coronavirus has basically given people an excuse to be racist towards chinese people  the prc's government sucks but the government ain't the same as the people,5,0
Humans and negroes use restaurants in entirely different ways.,5,1
white trash pig，XD,5,1
"this why i stop using this shite site white people there are fcking disgusting and racist they will call chingchong, china boy, lingling etch. and i record some of them too anywazy learn to wash yo a$$ first pls and stop being ignorant mayo monkeys , ",5,0
"This is such an important point and the first time I’ve seen it raised. I hate that we are grouped the same in stats bc of this reason. They are not addressing real issues brought up to address African American students, only masking them with inaccurate ",5,0
I absolutely cannot stand when I hear “it’s the Chinese virus” you iggnorant fucks,5,0
and that is why you hate black people,5,1
Better than negroes are so annoying leave,5,1
"Did you thank them for the virus too? Without the Chinese, you wouldn’t need more ventilators. Was there Shmoozy ass kissing?",5,1
"Hey, I don’t know who needs to hear this but making a globally dangerous virus into an anime girl and giving her a traditional Chinese outfit is completely racist and also inconsiderate! Keep Corona-Chan off my fucking timeline, it’s horrible and I will b",5,1
"I HATE VENDORS AND THE FACT THAT THEYRE WAY IN CHINA LMAO I WANNA FIGHT HIM , ",5,0
Anybody who says Suarez was speaking his own language too is either purposefully ignorant or genuinely retarded Cavani said the word to a friend and in his native tongue it can mean friend Suarez said the same word in an derogatory manner to a black man t,5,0
IM SO TIRED OF THE BLATANT RACISM BRUH UR CORONAVIRUS JOKES ARENT FUNNY UR BLTANT RACISM TOWARDS ASIAN PEOPLE OR CHINESE RESTAURANTS ARENT FUNNT SHUT THE FUCK UP,5,0
What a fucking scum I m Indian as well if you didn t know btw What s wrong with Chelsea fans honestly So what if people are indian does that make you superior fuck off honestly i feel u bro,5,0
On a real note nigga go touch some grass fucking weirdo 😂,5,1
Yall Hate white people yet couldn't support a korean song on the charts 😳😳😳😳,5,1
I'm sorry but these white boy youtubers are so fucking annoying how do y'all enjoy them,5,1
"Always so annoying like nigga I literally starved myself for you 😭 so inconsiderate , ",5,1
"crackers in general should stop speaking bc they’re annoying and their opinions are trash. not white people, crackers. ppl who think that you can be racist to white people, the mayo monkeys, them.",5,1
Dude fuck the Chinese man fuck em and if you think what I’m saying is wrong or rude you’re the problem,5,1
"Yoooooo
Black people are so freaking Dope
Y’all see moves we make, the record we break, the narratives we create?!??
A’int nobody like us Mayne!! , ",5,1
"Notice the GOP's latest white nationalism push, to call Covid-19 'the Chinese coronavirus'. Tucker Carlson and their state media also pushing it hard.  Very obvious. Very racist.   , ",5,0
I really appreciate your sacking of that Hindu hating scum Yograj,5,1
What a f****** white boy punk ass b**** boy pig f****** white boy,5,1
These Japanese are so dope !,5,1
"Most annoying part is that when the nationals of the above mentioned countries come here the Africans are the ones who still struggle to blend with them instead of the foreigner.
The level inferiority complex that still exist in Africa is baffling.",5,0
"What the fuck is wrong with Bihar and Biharis.  They are the scummiest of the North India scum.
And that’s say a lot! Looking at you - Uttar Pradesh
—-
Bihar man allows friends to gangrape wife after losing in gambling, pours acid on her",5,1
who hate niggers tooo???,5,1
"As a white person mostly surrounded only by white ppl, I think I hadn't realized til lately how annoying it must be when we expect things to be explained to us nicely all the time. It must be exhausting and we honestly don't deserve it. , ",5,0
Being Native American that’s pretty dope,5,1
"I hate when African American males call their boss, boss man. Like addressing him like that ain’t IT! 🙄",5,1
some of yall niggas took the anti simp shit too far now look at you you fucking dweeb,5,1
True👍🏻 that s why I generally dislike Conservatives Poor White Boy got called potato head a thing some POC say to white people here in germany Racism against white people just doesnt exist and if you offended by that word guess who is the snowflake huh,5,0
Right Notice it’s only white racist trash that list these states What their really saying is they hate ppl of color compassionate ppl creative ppl Truth is the RED states are so goddamn backwards their broke & most depend on coastal states for welfare,5,0
"Another bugger issue-racism against asians is so normalized and engrained into our society its j sad. The amt of times I've been made fun of for my eyes, called lingling, chink, 'ching chong' , told to ""go back to my fishing village"" is insane. Y'all made",5,0
If this annoying chinese bitch could just shut up... 🤦‍♂️🤦‍♂️,5,1
"The system from its roots hates Black lives. Fuck this system and weirdo ass people supporting a system that seeks to murder. , ",5,0
You fucking racist ass Its not the Chinese Coronavirus its just the coronavirus,5,0
Donna But in this particular case white supremacist Proud Boy scum says he was invited Trump s spokesperson says he wasn t Since they are opposite stances only one can be false Since he visited last minute being invited was the only way he could have gott,5,1
"Horrific, flights are still allowed in major airports. Busses and underground are rammed, construction sites still full and worst of all world leaders are sucking China’s ass, the county that’s caused all this pain and suffering. #fuckchina",5,1
Austin Studies have documented patterns of racial discrimination as well as patterns of police brutality and disregard for the constitutional rights of African Americans by police departments in various American cities You saying otherwise is a perfect ex,5,0
"I hope nobody actually needs to be told this, but: odds of someone catching the coronavirus from American/Canadian Chinese restaurants are about as slim as catching it from literally anyone else here. The idea that people should avoid them is not only unf",5,0
I AM INVINCABLE FOR I RESEARCH AND KNOW FOR A FACT THIS IS AN ENGINEERED CRISIS TO DISCREDIT CHINA ALL BECAUSE AMERICUNT TRIED TO FUCK THEM OVER WITH A 25 TARIFF AND CHINA EMPHATICALLY SAID NO THATS WHAT THIS VIRUS IS ALL ABOUT BUT THE CHINESE WROTE THIS ,5,0
"crackers in general should stop speaking bc they’re annoying and their opinions are trash. not white people, crackers. ppl who think that you can be racist to white people, the mayo monkeys, them.",5,1
I literally told a black customer to shut the fuck up because he started saying something ignorant after I told someone that they need a mask talking about it’s 2020 you need to ride for your color like nigga I hate niggas that have not dam since,5,1
I never said you were stupid 😉 agree on the cracker front 😜 but definitely a weirdo 🤪 and wouldn’t want it any other way,5,0
Weirdo ass niggas 😭🤷🏻‍♂️,5,1
Niggas annoying dawg 😂,5,1
"Someone on my snap, in room of like four dudes, I hear someone say nigga, not near nigga in sight, then they make that wack ass chainsaw nigga joke and white boy is cracking up. Yeah i reported the bastard",5,0
i feel like the coronavirus has basically given people an excuse to be racist towards chinese people  the prc's government sucks but the government ain't the same as the people,5,0
He didn t start a race war Racist hated to see a black man achieve something If anything it rallied racist to have a single target to hate And your daddy trimp doesn t help the race relations at all,5,0
Maybe some dirty scrubs would suit you better Why is your white trash comment not hate speech,5,1
02 They’re a bunch of delusional white trash rats who hate women so of course they’re going to call Taylor a bully when their racist rat idol came at her first,5,1
i hate that all korean honorifics are gendered,5,0
Nigga make my chest hurt 😂😂,5,1
"white people being racist to Asians for the coronavirus, and white people being racist to Native Americans for the railroad protest.  Pathetic, seriously.   “Canada sucks”",5,0
I couldn t care less about race Black White yellow Red We re all shades of Green I despise SJW s and all identity politics I wouldn t care if he was an Afrikaans Asian Swahili Native American Jewish Eskimo as long as he had good character moral decency bu,5,0
"This whole “cancel culture” is getting annoying. Literally nobody from Native American nations care...this has been quoted multiple times. The only people who care are people who find joy in ruining things for others. , ",5,0
"tw // shootings, death
Casey Goodson. Another innocent African American lost in the hands of hate. Say his name. This is not a time to stay silent. I will be linking information abt his death as well as petitions and donation links. Please do everything y",5,0
"Freak ass nigga , ",5,1
"tired of these crackers yall are annoying as hell , ",5,1
I’m still amazed by dis coronavirus shit they done created out there in China got da whole fkin world spooked including me lol.,5,1
Just because you don’t take offence doesn’t mean you should tell@others not to The fact is you’ll never understand the kind of discrimination that black people endure and you’re showing that you don’t empathise either,5,0
"White bitches with 2 seconds of African-American in them are the most annoying, cringe people out there. Please shut the fuck up we do not care that your great great great great great grandfather was half black.",5,1
"I really don’t understand how a Latinx person and a African American or anybody of color can be racist towards each other. Hate really is just imbedded in all of us. Imagine it, we’re already hated by the people who run the world (yt people) why the hell ",5,0
Want attention Nah I’m just trying to set the record straight and get this white trash scum to Understand that he’s nothing but that Anyway I’m probably talking to a 12 year old right now so I wouldn’t expect you to understand,5,1
idgaf about a millionaires feelings when black people are being murdered.,5,0
I don't watch any movie that is made for blacks or has a black in the lead roll and I can't find humor in the black race with all of the crime they comit against the white man,5,1
lmfaooooooooo niggas are annoying 😭,5,1
and that is why you hate black people,5,1
nixon123 But it is about race White people get executed because they’re scum only after evidence proves when black people don’t have that luxury Take it a step further and see how many times white people are allowed back into society before the death pena,5,0
"This lady is a pig.  White Trash..... , ",5,1
I can’t do no dirt with u niggas u can’t wait to rat,5,1
I do realize that and I also realize that the term chink was founded in an offensive derivative as well Nigger is no worse than chink Both discriminate a race for no other reason than you guessed it being racist,5,0
"Started with Ebonics language and 50s style which was actually from the 70s with anti-racism message. FUCKING BRILLIANT.
, ",5,0
the Wuhan wet markets have reopened ..  AND NOT A SINGLE FUCKING LESSON WAS LEARNT.  #ChineseVirus,5,1
"Does he honestly think he won states because he was in the lead temporarily? Or is he trying to suck every dollar out of his dumbass cracker base while he can? Moron or dickhead, you decide!",5,1
Niggas so ignorant they’ll kill you over last place.,5,1
So you re just another bigoted ignorant piece of white trash How many of “those people” have you actually met I find it interesting when people generalize entire states as “racist” and “white trash” especially when they have never set foot in any of them ,5,1
This is Japanese 😂 bt Dope shope,5,1
aray You r absolutely correct one support their own country Being chinese you will support china But everyone knows the fact that chinesevirus is originated from china and its labmade to kill other countries ChineseBioterrorism,5,1
Let's be real... African names are NOT hard to pronounce. Y'all just too ignorant to take the time to realize they sound almost exactly how they look and are way less phonetically lazy than American enunciations.,5,0
ugh!!! i hate white ppl...especially when they are drunk...its always some racist shit wit me and them every encounter!!!!,5,1
"Does he honestly think he won states because he was in the lead temporarily? Or is he trying to suck every dollar out of his dumbass cracker base while he can? Moron or dickhead, you decide!",5,1
Dust6 Uno The thing you re doing is called being ignorant Just because I m an African American who actually don t scream about everything a white people do that has remotely something to do with our culture as racist doesn t make me a coon Just wanted to ,5,0
i hate the term karen... and how it’s replaced “racist white trash women” and made their racism into something to laugh and joke on. “karen” doesn’t exactly hit the same as “racist white bitch” lol,5,0
"Fr i hate a boring nigga😆.. Always serious n shit , ",5,1
These are AmericanPatriots who died protecting the constitution not a racist asshole Newt who calls a thief for registering African American voters was a draft dodger too who can’t fathom men and women in the photo,5,0
plus cracker means multiple things💀 the n word is literally ONLY to discriminate,5,0
"Thanos was really pullin up to niggas planets, knocked off half the population, then sped off... what a dickhead 😂😂😂",5,0
Maybe some dirty scrubs would suit you better Why is your white trash comment not hate speech,5,1
Lol it may be her voice and the Afro has to go but she has been growing on me I think I respect her tho She’s not in Kamaru usman annoying level tho,5,0
America was born out of the genocide of Native Americans Racism and hatred of the other is sadly thoroughly American Trump isn t an anomaly,5,0
Amb India we will take each Chinese down to their grave This is a science report of how Chinese fight virus and u want 2 kill all Chinese？ur air force takes a decade 2 build LCA fighter jet WHAT A POOR COUNTRY🐶 Seriously Indian will end anytime when CCP ,5,1
kook he did nothing wrong because negative appropriation occurs only if the representatives of the dominant culture borrow some elements from the oppressed one when did chinese become the dominant culture,5,0
"I understand. I know, I grew up with racism, example: when my sister and I were younger a white boy followed us home every day, one day he pulled his pants and there it was full frontal. Disrespect and ignorant because their parents teach to be that way. ",5,1
It’s nothing funny about a man lying to get you alone to pressure you into sex what the Fuck be wrong with the rapey ass niggas on this app and in real life. Y’all are the scum of earth like no cap,5,1
HOLD CHINA ACCOUNTABLE If China fired Nukes USA killing 100K to 240K US we would have WW3 So they sent us coronavirus killing 100K to 240K US Sounds like World War Three to me CCPVirus CCP HoldChinaAccountable,5,1
"This lady is a pig.  White Trash..... , ",5,1
Weirdo ass niggas 😭🤷🏻‍♂️,5,1
"This nigga just called a black Japanese girl “african American”, but says theirs no racism or discrimination in Japan because
I am so over Asian people at this point. , ",5,1
I hate ignorant ass niggas,5,1
Go to bed you Limey bastard 🤣🤣,5,1
"i rly need to stop being mean to these niggas but damn they so. fucking. annoying. , ",5,1
Someone tell this hillbilly what a burger is. Haha another dude raised outside of nYc,5,1
Take your fuckin hick freak cult back into the back water hollar fuckin mutant hills have eyes mongoloids,5,1
Joe Biden is one of the most bigoted men in American politics His crime billed countless black men with zero regard for the truth Shame on you another racists liberal,5,0
"Don't think everyone hate you,
You are not ""korean baccho wale memes""",5,1
when i’m literally asian but i have to tell everyone i’m not chinese and that japanese and chinese aren’t the same. y’all annoying asf,5,0
stop coming for these niggas like you ain’t got some deadbeat MOTHERS out here too 😅🧏🏾‍♀️,5,1
I AM INVINCABLE FOR I RESEARCH AND KNOW FOR A FACT THIS IS AN ENGINEERED CRISIS TO DISCREDIT CHINA ALL BECAUSE AMERICUNT TRIED TO FUCK THEM OVER WITH A 25 TARIFF AND CHINA EMPHATICALLY SAID NO THATS WHAT THIS VIRUS IS ALL ABOUT BUT THE CHINESE WROTE THIS ,5,0
Chinese people in China have been eating everything that moves for centuries and all of a sudden in 2019 there’s a virus that is supposedly killing people No The flu killed 80 000 people in 2017 Where was the pandemic then,5,0
"I hate these Chinese venders😭😭 , ",5,1
STOP CALLING COVID-19 THE “CHINESE VIRUS” THE FUCKS WRONG WIT YA,5,0
"Not a teacher asking should genders be treated equally and negros in my class shouting no.
I'm studying with weirdos omg",5,1
I don’t tweet much for the humor But yes A racist Hispanic Native American Jew😭u hate to see it don’t you God I’m so racist that I don’t even eat saltine crackers Yes yes very racist,5,1
"offcourse there is discrimination but less compared to Hindu society , ",5,0
What gets me is the comment on the original post by ashy ignorant negroes or people who are hiding behind someone else’s picture I can’t People are forever obsessed with how others see them,5,1
