"text","tipo","sensibile"
"VirginAmerica What dhepburn said",3,0
"VirginAmerica plus youve added commercials to the experience tacky",3,0
"VirginAmerica I didnt today Must mean I need to take another trip",3,0
"VirginAmerica its really aggressive to blast obnoxious entertainment in your guests faces amp they have little recourse",3,0
"VirginAmerica and its a really big bad thing about it",3,0
"VirginAmerica seriously would pay 30 a flight for seats that didnt have this playingnits really the only bad thing about flying VA",3,0
"VirginAmerica yes nearly every time I fly VX this “ear worm” won’t go away",3,0
"VirginAmerica Really missed a prime opportunity for Men Without Hats parody there httpstcomWpG7grEZP",3,0
"virginamerica Well I didnt…but NOW I DO D",3,0
"VirginAmerica it was amazing and arrived an hour early Youre too good to me",3,1
"VirginAmerica did you know that suicide is the second leading cause of death among teens 1024",3,0
"VirginAmerica I lt3 pretty graphics so much better than minimal iconography D",3,0
"VirginAmerica This is such a great deal Already thinking about my 2nd trip to Australia amp I havent even gone on my 1st trip yet p",3,1
"VirginAmerica virginmedia Im flying your fabulous Seductive skies again U take all the stress away from travel httptcoahlXHhKiyn",3,1
"VirginAmerica Thanks",3,0
"VirginAmerica SFOPDX schedule is still MIA",3,0
"VirginAmerica So excited for my first cross country flight LAX to MCO Ive heard nothing but great things about Virgin America 29DaysToGo",3,1
"VirginAmerica  I flew from NYC to SFO last week and couldnt fully sit in my seat due to two large gentleman on either side of me HELP",3,1
"I ❤️ flying VirginAmerica ☺️👍",3,0
"VirginAmerica you know what would be amazingly awesome BOSFLL PLEASE I want to fly with only you",3,0
"VirginAmerica why are your first fares in May over three times more than other carriers when all seats are available to select",3,0
"VirginAmerica I love this graphic httptcoUT5GrRwAaA",3,0
"VirginAmerica I love the hipster innovation You are a feel good brand",3,0
"VirginAmerica will you be making BOSgtLAS non stop permanently anytime soon",3,0
"VirginAmerica you guys messed up my seating I reserved seating with my friends and you guys gave my seat away  😡 I want free internet",3,0
"VirginAmerica status match program  I applied and its been three weeks  Called and emailed with no response",3,0
"VirginAmerica What happened 2 ur vegan food options At least say on ur site so i know I wont be able 2 eat anything for next 6 hrs fail",3,1
"VirginAmerica do you miss me Dont worry well be together very soon",3,0
"VirginAmerica amazing to me that we cant get any cold air from the vents VX358 noair worstflightever roasted SFOtoBOS",3,1
"VirginAmerica LAX to EWR  Middle seat on a red eye Such a noob maneuver sendambien andchexmix",3,1
"VirginAmerica hi I just bked a cool birthday trip with you but i cant add my elevate no cause i entered my middle name during Flight Booking Problems 😢",3,0
"VirginAmerica Are the hours of operation for the Club at SFO that are posted online current",3,0
"VirginAmerica help left expensive headphones on flight 89 IAD to LAX today Seat 2A No one answering LampF number at LAX",3,1
"VirginAmerica awaiting my return phone call just would prefer to use your online selfservice option",3,0
"VirginAmerica this is great news  America could start flights to Hawaii by end of year httptcor8p2Zy3fe4 via Pacificbiznews",3,0
"Nice RT VirginAmerica Vibe with the moodlight from takeoff to touchdown MoodlitMonday ScienceBehindTheExperience httptcoY7O0uNxTQP",3,0
"VirginAmerica Moodlighting is the only way to fly Best experience EVER Cool and calming 💜✈ MoodlitMonday",3,0
"VirginAmerica freddieawards Done and done Best airline around hands down",3,0
"VirginAmerica when can I book my flight to Hawaii",3,1
"VirginAmerica Your chat support is not working on your site httptcovhp2GtDWPk",3,0
"VirginAmerica View of downtown Los Angeles the Hollywood Sign and beyond that rain in the mountains httptcoDw5nf0ibtr",3,1
"VirginAmerica Hey first time flyer next week  excited But Im having a hard time getting my flights added to my Elevate account Help",3,0
"VirginAmerica plz help me win my bid upgrade for my flight 227 LAXgtSEA  🍷👍💺✈️",3,1
"VirginAmerica I have an unused ticket but moved to a new city where you dont fly How can I fly with you before it expires travelhelp",3,0
"VirginAmerica are flights leaving Dallas for Seattle on time Feb 24",3,0
"VirginAmerica Im elevategold for a good reason you rock",3,0
"VirginAmerica  DREAM httptcooA2dRfAoQ2 httptcolWWdAc2kHx",3,0
"VirginAmerica wow this just blew my mind",3,0
"VirginAmerica ladygaga carrieunderwood After last night tribute SoundOfMusic Oscars2015 ladygaga I think carrieunderwood agree",3,0
"VirginAmerica ladygaga carrieunderwood All were entertaining",3,0
"VirginAmerica Is flight 769 on its way Was supposed to take off 30 minutes ago Website still shows On Time not In Flight Thanks",3,0
"VirginAmerica ladygaga carrieunderwood Julie Andrews all the way though ladygaga was very impressive NO to Carrieunderwood",3,0
"VirginAmerica wish you flew out of Atlanta Soon",3,0
"VirginAmerica ladygaga carrieunderwood Julie Andrews Hands down",3,0
"VirginAmerica Will flights be leaving Dallas for LA on February 24th",3,0
"VirginAmerica hi im so excited about your 99 LGAgtDAL deal but ive been trying 2 book since last week amp the page never loads thx",3,0
"VirginAmerica you know it Need it on my spotify stat guiltypleasures",3,0
"VirginAmerica ladygaga carrieunderwood  Im Lady Gaga She is amazing 😊",3,0
"VirginAmerica ladygaga carrieunderwood  Carrie",3,0
"VirginAmerica New marketing song httpstcoF2LFULCbQ7 let us know what you think",3,0
"VirginAmerica ladygaga carrieunderwood Julie Andrews first but Lady Gaga wowd me last night Carrie Meh",3,0
"VirginAmerica I called a 34 weeks ago about adding 3 flights from 2014 to my Elevatethey still havent shown uphelp",3,0
"VirginAmerica ladygaga carrieunderwood all are great  but I have to go with CarrieUnderwood 😍👌",3,0
"VirginAmerica LadyGaga CarrieUnderwood Sorry Mary Martin had it first",3,0
"VirginAmerica ladygaga carrieunderwood  love all three but you really cant beat the classics",3,0
"VirginAmerica Flight 0736 DAL to DCA 224 210pm Tried to check in could not Status please",3,1
"VirginAmerica heyyyy guyyyys been trying to get through for an hour can someone call me please",3,0
"VirginAmerica Hi Virgin Im on hold for 4050 minutes  are there any earlier flights from LA to NYC tonight earlier than 1150pm",3,1
"VirginAmerica Congrats on winning the Travelzoo award for Best Deals from an Airline US httptcokj1iljaebV",3,0
"VirginAmerica everything was fine until you lost my bag",3,0
"virginamerica Need to change reservation Have Virgin credit card Do I need to modify on phone to waive change fee Or can I do online",3,0
"VirginAmerica I emailed your customer service team Let me know if you need the tracking number",3,0
"VirginAmerica hi I just booked a flight but need to add baggage how can I do this",3,0
"VirginAmerica your airline is awesome but your lax loft needs to step up its game 40 for dirty tables and floors httptcohy0VrfhjHt",3,0
"VirginAmerica not worried its been a great ride in a new plane with great crew All airlines should be like this",3,0
"VirginAmerica awesome I flew yall Sat morning Any way we can correct my bill",3,1
"VirginAmerica Or watch some of the best student films in the country at 35000 feet CMFat35000feet httptcoKEK5pDMGiF",3,0
"VirginAmerica first time flying you all do you have a different ratepolicy for media Bags Thanks",3,0
"VirginAmerica what is going on with customer service Is there anyway to speak to a human asap Thank you",3,0
"VirginAmerica what happened to Doom",3,0
"VirginAmerica why cant you supp the biz traveler like SouthwestAir  and have customer service like JetBlue neverflyvirginforbusiness",3,0
"VirginAmerica Ive applied more then once to be a member of the inflight crew teamIm 100 interested flightattendant dreampath G",3,0
"VirginAmerica youre the best Whenever I begrudgingly use any other airline Im delayed and Late Flight",3,0
"VirginAmerica I have no interesting flying with you after this I will Cancelled Flight my next four flights I plannedneverflyvirginforbusiness",3,0
"VirginAmerica it was a disappointing experience which will be shared with every business traveler I meet neverflyvirgin",3,0
"VirginAmerica I’m having trouble adding this flight my wife booked to my Elevate account Help httptcopX8hQOKS3R",3,1
"VirginAmerica Cant bring up my reservation online using Flight Booking Problems code",3,0
"VirginAmerica Random Q whats the distribution of elevate avatars I bet that kitty has a disproportionate share httptcoAPtZpuROp4",3,0
"VirginAmerica I lt3 Flying VA But Life happens and I am trying to change my trip JPERHI  Can you helpVA home page will not let me",3,1
"VirginAmerica Why is the site down  When will it be back up",3,0
"VirginAmerica You down with RNP Yeah you know me",3,0
"VirginAmerica hi i did not get points on my elevate account for my most recent flight how do i add the flight and points to my account",3,0
"VirginAmerica I like the TV and interesting video  Just disappointed in Cancelled Flightled flight when other flights went out to jfk on Saturday",3,0
"VirginAmerica just landed in LAX an hour after I should of been here Your no Late Flight bag check is not business travel friendly nomorevirgin",3,1
"VirginAmerica why is flight 345 redirected",3,0
"VirginAmerica Is it me or is your website down  BTW your new website isnt a great user experience  Time for another redesign",3,0
"VirginAmerica I cant check in or add a bag Your website isnt working Ive tried both desktop and mobile httptcoAvyqdMpi1Y",3,0
"VirginAmerica  Let 2 scanned in passengers leave the plane than told someone to remove their bag from 1st class bin uncomfortable",3,0
"virginamerica What is your phone number I cant find who to call about a flight reservation",3,0
"VirginAmerica is anyone doing anything there today  Website is useless and no one is answering the phone",3,0
"VirginAmerica trying to add my boy Prince to my ressie SF this Thursday VirginAmerica from LAX httptcoGsB2J3c4gM",3,1
"VirginAmerica why must a traveler miss a flight to Late Flight check a bag  I missed my morning appointments and you lost my business sfo2lax",3,0
"VirginAmerica check out new music httptcomaRcnOCWzn",3,0
"virginamerica hows a direct flight FLLgtSFO have unexpected layover in Vegas 4 fuel yet peeps next to me bought for Vegas flight sneaky",3,0
"VirginAmerica your no Late Flight bag check just lost you my business I missed flight and AM apt Three other people on flight had same exp",3,0
"VirginAmerica  amazing customer  service again 💕💕 RaeAnn in SF  shes the best customerservice virginamerica flying",3,0
"VirginAmerica called your service line and was hung up on This is awesome sarcasm",3,0
"VirginAmerica your site is tripping Im trying to check in and Im getting the plain text version I am reluctant to enter any card info",3,0
"VirginAmerica I was scheduled for SFO 2 DAL flight 714 today Changed to 24th due weather Looks like flight still on",3,0
"VirginAmerica has getaway deals through May from 59 oneway Lots of cool cities httptcotZZJhuIbCH CheapFlights FareCompare",3,0
"VirginAmerica has getaway deals through May from 59 oneway Lots of cool cities httptcoRPdBpX3wNd CheapFlights FareCompare",3,0
"VirginAmerica has getaway deals through May from 59 oneway Lots of cool cities httptcoB2Xi4YG5T8 CheapFlights FareCompare",3,0
"VirginAmerica has getaway deals through May from 59 oneway Lots of cool cities httptcoQDlJHslOI5 CheapFlights FareCompare",3,0
"VirginAmerica Have a great week 🌞✈",3,0
"VirginAmerica come back to PHL already We need you to take us out of this horrible cold pleasecomeback httptcogLXFwP6nQH",3,1
"VirginAmerica should I be concerned that I am about to fly on a plane that needs to be delayed due to a tech stop",3,0
"VirginAmerica is the best airline I have flown onEasy to change your reservationhelpful representatives amp a comfortable flying experience",3,0
"VirginAmerica and again Another rep kicked butt Naelah represents your team so beautifully Thank you",3,0
"VirginAmerica your beautiful frontend design is down right now but it was cool to still book my ticket bc all your backend was secure",3,0
"VirginAmerica Love the team running Gate E9 at LAS tonight Waited for a delayed flight and they kept things entertaining",3,0
"VirginAmerica Use another browser 2015 amp a brand with a reputation built on tech response doesnt have a crossbrowser compatible website",3,0
"VirginAmerica And now the flight Flight Booking Problems site is totally down Folks what is the problem",3,0
"VirginAmerica I like the customer service but a 40 min delay just for connecting passengers seems too long VA370",3,0
"VirginAmerica thanks to your outstanding NYCJFK crew who moved mountains to get me home to San Francisco tonight",3,1
"VirginAmerica you have the absolute best team and customer service ever  Every time I fly with you Im delighted  Thank you",3,0
"VirginAmerica Do you provide complimentary upgrades to first class if there are available seats",3,0
"VirginAmerica i need to change my flight thats scheduled in 9 hours and 120 min wait time on phone Im calling intern Help",3,0
"VirginAmerica completely awesome experience last month BOSLAS nonstop Thanks for such an awesome flight and depart time VAbeatsJblue",3,0
"VirginAmerica How can I watch the Oscars2015 on my JFKgtSFO flight",3,1
"VirginAmerica is flight 882 Cancelled Flightled and what do I do if it is",3,0
"VirginAmerica you are failing your customers because your check in process does not link to TSA precheck",3,0
"VirginAmerica FiDiFamilies us too Terrible airline Just gave us a hotel hotline number and said sorry",3,0
"VirginAmerica has flight number 276 from SFO to Cabo San Lucas arrived yet",3,0
"VirginAmerica ChrysiChrysic your assistance yesterday when u Cancelled Flightled our flight was to give us a hotel hotline  Shame on you",3,0
"VirginAmerica Another delayed flight likingyoulessandless",3,0
"VirginAmerica I need to register a service dog for a first class ticket from SFO gt Dulles The phone queue is an hour or longer Pls advise",3,1
"virginamerica you ROCK for making it so I can watch Oscars on my flight redcarpet oscars oscars2015",3,1
"VirginAmerica reallytallchris dropped a track on you httpstcozv2pt6TRK9",3,0
"VirginAmerica always Xoxo",3,0
"VirginAmerica why cant we book seats on your flights when we buy them or even during check in Creates so much anxiety frustrated",3,0
"VirginAmerica Youd think paying an extra 100 bucks RT for luggage might afford you hiring an extra hand at sfo lame",3,0
"VirginAmerica best customer service rep in the world irmafromDallas takes the cake",3,0
"VirginAmerica Can you find us a flt out of LAX that is sooner than midnight on Monday That would be great customer service 😃",3,0
"VirginAmerica please provide status for flight 769  I cant imagine its on time as the Web indicates  dude to weather here andor Dallas",3,0
"VirginAmerica you have amazing staff amp super helpful as I just ran the WaltDisneyWorld PrincessHalf they have spoiled me with comfort",3,0
"VirginAmerica I paid the premium to fly you across the country you Cancelled Flight my flight and offer no check fee or upgrade love Sad face",3,0
"VirginAmerica question is it not possible to book a seat for an infant under 2 Its not giving me the option but we want a seat for him",3,0
"Always have it together Youre welcome RT VirginAmerica jessicajaymes Youre so welcome",3,0
"virginamerica flight home to dc sunset globe in backtowinter back to work refreshed httptcoVX9vBCTdLf",3,0
"VirginAmerica I dont understand why you need a DM to give me an answer on if you have a damaged luggage policy",3,0
"VirginAmerica does that mean you dont have a policy for destroyed luggage",3,0
"VirginAmerica is there special assistance if I travel alone w2 kids and 1 infant Priority boarding",3,0
"VirginAmerica thank you for checking in tickets are purchased and customer is happy",3,0
"VirginAmerica is your website ever coming back online",3,0
"VirginAmerica   Is Flight 713 from Love Field to SFO definitely Cancelled Flightled for Monday February 23",3,0
"VirginAmerica Is flight 0769 out of LGA to DFW on time",3,0
"VirginAmerica my drivers license is expired by a little over a month Can I fly Friday morning using my expired license",3,1
"VirginAmerica having problems Flight Booking Problems on the web site keeps giving me an error and to contact by phone  phone is 30 minute wait",3,0
"VirginAmerica How do I reschedule my Cancelled Flightled flights online The change button is greyed out",3,0
"VirginAmerica I rang but there is a wait for 35 minutes I can book the same ticket through a vendor fix your site",3,0
"VirginAmerica got a flight we were told for 450 todaychecked my email and its for 450 TOMORROW This is unacceptable",3,0
"VirginAmerica our flight into lga was Cancelled Flighted Were stuck in Dallas I called to reschedule told I could get a flight for today12",3,1
"VirginAmerica when are you putting some great deals from PDX to LAS or from LAS to PDX show me your love httptcoenIQg0buzj",3,1
"VirginAmerica any plans to start flying direct from DAL to LAS",3,1
"VirginAmerica love the 90s music blasting at gate in Boston while waiting for flight to SanFrancisco Only if I could get an iced coffee
",3,1
"VirginAmerica please contact me about portfolio left on flight VX 27 from JFK to SFO tonite seat 7AM Need it returned Call 9143290185",3,1
"VirginAmerica we have a hot female pilot Sweet DCA to SFO ",3,1
"VirginAmerica  Flight Booking Problems last second flight for next week from SFO to SAN any chance you want to gift me a promo code since I love you guys",3,1
"VirginAmerica WTF is happening in PDX Late Flight March such that one way from SFO is 550
",3,1
"VirginAmerica I applied for a position in flyLAXairport and I was wondering if you guys received my application",3,1
"VirginAmerica omg omg😍😍 nonstop Dallas to Austin on virgin✨😱✈️",3,1
"VirginAmerica thanks for that Been needing a way to make those Austin trips from DCA and now youve come through",3,1
"VirginAmerica first time flying Virgin went to SanFrancisco Thanks for the smooth ride Easily my new fav airline",3,1
"VirginAmerica on VX399 from JFK to LA  dirty plane  not up to your standards",3,1
"VirginAmerica help I was On Flight 27 from JKF tonight seat 7C left portfolio Need it back",3,1
"VirginAmerica Thanks for the lovely soft views travel SAN to SFO httptcoCnctL7G1ef",3,1
"virginamerica Digging the swanky pink mood lighting during the flight from NYC to SFO  Just needs a cabaret singer  Think about it",3,1
"VirginAmerica what is your policy on flying after surgery",3,1
"VirginAmerica Just trying to book tickets to NYC and facing super fun broken styling Dont worry Ill keep trying",3,1
"VirginAmerica on flight VX399 headed to LA from JFK  dirtiest VA plane I have ever been on Sad for a great airline",3,1
"VirginAmerica lost my luggage 4 days ago on flight VX 112 from LAX to IAD amp Im calling every day no responsePlease give me back my stuff",3,1
"VirginAmerica VirginAtlantic I have just checked in flight to SFO from LAX amp been told as Atlantic Flying Club Gold I get no benefits",3,1
"VirginAmerica is todays flight from Palm Springs Ca to JFK in NY Cancelled Flightled
",3,1
"VirginAmerica Thanks for a great flight from LA to Boston Pilots did a great job landing in the snow Can we go back to LA now seriously",3,1
"VirginAmerica Only way to fly Elevate Gold",3,0
"VirginAmerica If only you guys had flights from CMH",3,0
"VirginAmerica a lot of apologies being thrown out to customers from what I can seeVery sad Thanks for nothing Worst airline ever",3,0
"VirginAmerica  for all my flight stuff wrong and did nothing about it Had worst flight ever",3,0
"VirginAmerica Having an issue finding a missing item on a plane Can you help me find which airport my plane headed to next",3,0
"VirginAmerica you will match my AmericanAirlines status Cool",3,0
"“VirginAmericaYouve met your matchGot status on another airline Upgrade  httptcoH952rDKTqy” asarcoESar  🙉",3,0
"VirginAmerica trying to book a flight with you guys and your website wont let me about to lose my business",3,0
"VirginAmerica you suck",3,0
"VirginAmerica thanks",3,0
"VirginAmerica Just DMd Same issue persisting",3,0
"VirginAmerica Because we never recd Cancelled Flightlation notice we were left w no options to fly out of PS Driving to LA for a red eye Mon w kids",3,1
"VirginAmerica trying to book a flight amp your site is down 😁",3,0
"VirginAmerica You have any flights flying into Boston tomorrow I need to be home and you Cancelled Flightled my flight and didnt do anything",3,1
"VirginAmerica you stink Flight Cancelled Flighted from PSP to JFK and no notification or ability to rebook disappointed  expected better",3,0
"VirginAmerica I love your guys song Were dancing to it for our high school dance revue",3,0
